order_id,awb,order_date,customer_name,phone,email,full_address,landmark,pincode,city,state,sku,product_name,quantity,order_value,payment_mode,courier,shipment_status,ndr_reason,attempt_count,final_status,source_platform,campaign_name
LUM-5001,BD700000001,2026-04-17,Amit Chopra,9926517555,customer0@example.com,Flat 17 Tower A Silver Heights Bengaluru,Opposite Star Bazaar,560076,Bengaluru,Karnataka,LUM-LIP-RED,Lumiere Velvet Lipstick Cherry,2,998,COD,Bluedart,Delivered,,0,Delivered,Amazon,Meta Summer
LUM-5002,BD700000002,2026-04-03,Meena Das,9882670606,customer1@example.com,Flat 143 Block B Crystal Residency Coimbatore,Near Metro Station,641012,Coimbatore,Tamil Nadu,LUM-SHA-200,Lumiere Argan Shampoo 200ml,1,449,COD,Bluedart,Delivered,,0,Delivered,WhatsApp,Meta Shoes COD
LUM-5003,XB700000003,2026-04-22,Karan Khan,9996374558,customer2@example.com,Flat 151 Plot B Green Valley Jaipur,Near Metro Station,302033,Jaipur,Rajasthan,DRESS-RED-S,Lumiere Floral Dress Red S,2,4998,Prepaid,Xpressbees,Delivered,,0,Delivered,WooCommerce,Influencer Reels
LUM-5004,EK700000004,2026-04-13,Arjun Singh,9738333930,customer3@example.com,Flat 312 Block B Silver Heights Chennai,Near D Mart,600001,Chennai,Tamil Nadu,LUM-SER-NIA,Lumiere Niacinamide Serum 30ml,2,1598,COD,Ekart,Delivered,,0,Delivered,Instagram,
LUM-5005,BD700000005,2026-04-08,Arjun Banerjee,9912403258,customer4@example.com,Flat 330 House B Crystal Residency Ahmedabad,Opposite Star Bazaar,380015,Ahmedabad,Gujarat,LUM-GUM-BIO,Lumiere Biotin Gummies 30N,3,2397,Prepaid,Bluedart,Undelivered,Out of delivery area,2,In NDR,Flipkart,
LUM-5006,DT700000006,2026-04-13,Amit Verma,9758867430,customer5@example.com,Flat 79 Block  Marina Bay Kochi,Near Metro Station,682025,Kochi,Kerala,LUM-COL-PWD,Lumiere Marine Collagen Powder,1,1299,COD,DTDC,Delivered,,0,Delivered,WhatsApp,
LUM-5007,DT700000007,2026-04-01,Tanya Singh,9882630317,customer6@example.com,Flat 58 Plot  Silver Heights Surat,Near D Mart,395007,Surat,Gujarat,WATCH-BLK,Lumiere Smart Fitness Watch,1,3999,Prepaid,DTDC,Delivered,,0,Delivered,Flipkart,Influencer Reels
LUM-5008,EC700000008,2026-04-30,Tanya Rao,9700307034,customer7@example.com,Flat 307 Plot  Green Valley Surat,Near Metro Station,395003,Surat,Gujarat,LUM-HRO-OIL,Lumiere Onion Hair Oil 200ml,3,1797,COD,Ecom Express,Undelivered,No response on phone,1,In NDR,Instagram,Influencer Reels
LUM-5009,DT700000009,2026-04-25,Kiran Banerjee,9995173558,customer8@example.com,Flat 85 Plot  Silver Heights Mumbai,Behind City Mall,400028,Mumbai,Maharashtra,LUM-GUM-BIO,Lumiere Biotin Gummies 30N,1,799,Prepaid,DTDC,Undelivered,Address not found,1,In NDR,Flipkart,Google Shopping
LUM-5010,SF700000010,2026-04-21,Rahul Chopra,9997384352,customer9@example.com,Flat 118 Block A Green Valley Lucknow,Near main market,226024,Lucknow,Uttar Pradesh,TSH-BLK-L,Lumiere Cotton Tee Black L,3,2397,COD,Shadowfax,RTO,Incorrect address,3,RTO,Shopify,Google Shopping
LUM-5011,DL700000011,2026-04-04,Aarti Chopra,9953763327,customer10@example.com,Flat 125 House  Silver Heights Mumbai,Near Metro Station,400050,Mumbai,Maharashtra,LUM-SER-NIA,Lumiere Niacinamide Serum 30ml,1,799,COD,Delhivery,Delivered,,0,Delivered,Flipkart,WhatsApp Promo
LUM-5012,EK700000012,2026-04-15,Pooja Shah,9882161696,customer11@example.com,Flat 56 Block B Silver Heights Patna,Behind City Mall,800013,Patna,Bihar,DRESS-RED-S,Lumiere Floral Dress Red S,1,2499,Prepaid,Ekart,Delivered,,0,Delivered,WooCommerce,WhatsApp Promo
LUM-5013,BD700000013,2026-04-16,Sneha Verma,9990225936,customer12@example.com,Flat 8 Tower B Silver Heights Kolkata,Near D Mart,700019,Kolkata,West Bengal,LUM-HRO-OIL,Lumiere Onion Hair Oil 200ml,1,599,Prepaid,Bluedart,Delivered,,0,Delivered,WhatsApp,Google Shopping
LUM-5014,EK700000014,2026-04-07,Anjali Das,9998375846,customer13@example.com,Flat 339 House B Silver Heights Mumbai,Near Forum Mall,400028,Mumbai,Maharashtra,HOOD-GRN-M,Lumiere Hoodie Green M,1,1299,COD,Ekart,Delivered,,0,Delivered,Shopify,
LUM-5015,DL700000015,2026-05-01,Kavya Kumari,9736787109,customer14@example.com,Flat 305 Tower B Skyline Ahmedabad,Near Metro Station,380015,Ahmedabad,Gujarat,LUM-SUN-50,Lumiere Mineral Sunscreen SPF50,1,699,COD,Delhivery,Undelivered,Out of delivery area,1,In NDR,Amazon,Google Shopping
LUM-5016,EK700000016,2026-04-30,Priya Singh,9912485908,customer15@example.com,Flat 68 Plot  Crystal Residency Guwahati,,781001,Guwahati,Assam,LUM-SUN-50,Lumiere Mineral Sunscreen SPF50,1,699,COD,Ekart,Undelivered,Duplicate order,2,In NDR,Shopify,Meta Summer
LUM-5017,DL700000017,2026-04-18,Rajat Khan,9831149196,customer16@example.com,Flat 190 Plot B Skyline Guwahati,,781034,Guwahati,Assam,WATCH-BLK,Lumiere Smart Fitness Watch,1,3999,COD,Delhivery,Delivered,,0,Delivered,Flipkart,Influencer Reels
LUM-5018,SF700000018,2026-04-22,Aarti Pillai,9783455461,customer17@example.com,Flat 140 Plot B Crystal Residency Coimbatore,Opposite Star Bazaar,641012,Coimbatore,Tamil Nadu,LUM-FW-VIT-100,Lumiere Vitamin C Face Wash 100ml,3,1647,COD,Shadowfax,Delivered,,0,Delivered,Flipkart,Influencer Reels
LUM-5019,DL700000019,2026-05-01,Aarti Roy,9996181171,customer18@example.com,Flat 362 House A Green Valley Kolkata,Near Metro Station,700001,Kolkata,West Bengal,KURTI-BLU-M,Lumiere Printed Kurti Blue M,3,3507,COD,Delhivery,Undelivered,No response on phone,1,In NDR,Flipkart,Meta Fashion Sale
LUM-5020,DT700000020,2026-04-18,Ritika Verma,9892097368,customer19@example.com,Flat 108 Block A Crystal Residency Jaipur,,302033,Jaipur,Rajasthan,LUM-SUN-50,Lumiere Mineral Sunscreen SPF50,1,699,COD,DTDC,Delivered,,0,Delivered,WhatsApp,
LUM-5021,EC700000021,2026-04-02,Megha Das,9833233772,customer20@example.com,Flat 137 Block A Skyline Chennai,,600028,Chennai,Tamil Nadu,LUM-FND-02,Lumiere Hydra Foundation Shade 02,3,3079,Prepaid,Ecom Express,Delivered,,0,Delivered,WhatsApp,Google Shopping
LUM-5022,XB700000022,2026-04-22,Karan Mehta,9849573877,customer21@example.com,Flat 36 Plot C Marina Bay Bhopal,Near D Mart,462011,Bhopal,Madhya Pradesh,LUM-SHA-200,Lumiere Argan Shampoo 200ml,3,1347,Prepaid,Xpressbees,Delivered,,0,Delivered,Amazon,Email Reactivation
LUM-5023,BD700000023,2026-04-09,Ritika Mehta,9934287182,customer22@example.com,Flat 311 Tower  Marina Bay Ghaziabad,Opposite Star Bazaar,201010,Ghaziabad,Uttar Pradesh,LUM-FW-VIT-100,Lumiere Vitamin C Face Wash 100ml,3,1742,COD,Bluedart,Delivered,,0,Delivered,Shopify,WhatsApp Promo
LUM-5024,SF700000024,2026-04-13,Shreya Mehta,9766907706,customer23@example.com,Flat 369 Plot C Skyline Surat,Near Forum Mall,395010,Surat,Gujarat,LUM-FW-VIT-100,Lumiere Vitamin C Face Wash 100ml,2,1098,COD,Shadowfax,Undelivered,Incorrect address,2,In NDR,Flipkart,Influencer Reels
LUM-5025,SF700000025,2026-04-26,Anjali Shah,9994171548,customer24@example.com,Flat 1 Plot C Silver Heights Hyderabad,Near D Mart,500032,Hyderabad,Telangana,LUM-FND-02,Lumiere Hydra Foundation Shade 02,2,1798,Prepaid,Shadowfax,Delivered,,0,Delivered,Amazon,
LUM-5026,EK700000026,2026-04-10,Aarti Kumari,9745524257,customer25@example.com,Flat 146 Plot A Silver Heights Bhopal,Near main market,462011,Bhopal,Madhya Pradesh,TSH-WHT-M,Lumiere Cotton Tee White M,1,799,COD,Ekart,Delivered,,0,Delivered,WooCommerce,Google Shopping
LUM-5027,BD700000027,2026-04-05,Rajat Chopra,9804386621,customer26@example.com,Flat 368 House  Skyline Bengaluru,Opposite Star Bazaar,560001,Bengaluru,Karnataka,LUM-FND-02,Lumiere Hydra Foundation Shade 02,2,1798,Prepaid,Bluedart,Delivered,,0,Delivered,Flipkart,Meta Summer
LUM-5028,BD700000028,2026-04-27,Megha Iyer,9945061079,customer27@example.com,Flat 69 House C Skyline Patna,Behind City Mall,800001,Patna,Bihar,LUM-LIP-RED,Lumiere Velvet Lipstick Cherry,2,998,Prepaid,Bluedart,Delivered,,0,Delivered,Flipkart,
LUM-5029,BD700000029,2026-04-23,Manish Singh,9979870706,customer28@example.com,Flat 249 Block C Skyline Coimbatore,Near Metro Station,641012,Coimbatore,Tamil Nadu,SNEAK-WHT-8,Lumiere Sneakers White 8,1,1999,Prepaid,Bluedart,Delivered,,0,Delivered,Instagram,Google Shopping
LUM-5030,DT700000030,2026-04-27,Divya Das,9877640592,customer29@example.com,Flat 278 House  Green Valley Ahmedabad,Opposite Star Bazaar,380054,Ahmedabad,Gujarat,LUM-COL-PWD,Lumiere Marine Collagen Powder,1,1299,COD,DTDC,RTO,Customer not available,2,RTO,WhatsApp,WhatsApp Promo
LUM-5031,EK700000031,2026-04-14,Vivek Das,9988954965,customer30@example.com,Flat 383 Block  Silver Heights Kochi,Near Forum Mall,682025,Kochi,Kerala,LUM-FW-VIT-100,Lumiere Vitamin C Face Wash 100ml,1,549,COD,Ekart,Delivered,,0,Delivered,WhatsApp,Meta Summer
LUM-5032,SF700000032,2026-04-28,Shreya Pillai,9714477503,customer31@example.com,Flat 202 Tower A Skyline Ahmedabad,Opposite Star Bazaar,380058,Ahmedabad,Gujarat,HOOD-GRN-M,Lumiere Hoodie Green M,2,2598,Prepaid,Shadowfax,Delivered,,0,Delivered,WhatsApp,Meta Fashion Sale
LUM-5033,XB700000033,2026-05-01,Saurabh Das,9835437245,customer32@example.com,Flat 42 House A Marina Bay Kolkata,Near Metro Station,700019,Kolkata,West Bengal,LUM-SUN-50,Lumiere Mineral Sunscreen SPF50,1,699,COD,Xpressbees,Delivered,,0,Delivered,Instagram,Google Shopping
LUM-5034,BD700000034,2026-04-20,Nikhil Nair,9949663219,customer33@example.com,Flat 359 Plot C Silver Heights Mumbai,Behind City Mall,400001,Mumbai,Maharashtra,LUM-SER-NIA,Lumiere Niacinamide Serum 30ml,1,799,COD,Bluedart,Undelivered,Duplicate order,1,In NDR,Flipkart,Meta Shoes COD
LUM-5035,DT700000035,2026-04-22,Karan Nair,9740800296,customer34@example.com,Flat 304 Block A Crystal Residency Pune,,411001,Pune,Maharashtra,LUM-HRO-OIL,Lumiere Onion Hair Oil 200ml,1,599,COD,DTDC,Delivered,,0,Delivered,Amazon,Meta Shoes COD
LUM-5036,EK700000036,2026-04-24,Sneha Das,9894448221,customer35@example.com,Flat 326 House B Skyline Jaipur,Opposite Star Bazaar,302033,Jaipur,Rajasthan,LUM-SUN-50,Lumiere Mineral Sunscreen SPF50,1,699,COD,Ekart,RTO,Customer refused delivery,3,RTO,Amazon,Influencer Reels
LUM-5037,EC700000037,2026-04-16,Amit Singh,9942022481,customer36@example.com,Flat 125 House  Crystal Residency Bhopal,Near Metro Station,462011,Bhopal,Madhya Pradesh,KURTI-BLU-M,Lumiere Printed Kurti Blue M,1,1299,Prepaid,Ecom Express,Delivered,,0,Delivered,Instagram,Meta Fashion Sale
LUM-5038,EC700000038,2026-04-18,Tanya Sharma,9977362143,customer37@example.com,Flat 98 Tower B Skyline Hyderabad,Near D Mart,500032,Hyderabad,Telangana,KURTI-BLU-M,Lumiere Printed Kurti Blue M,1,1299,COD,Ecom Express,Delivered,,0,Delivered,WooCommerce,Meta Retargeting
LUM-5039,DL700000039,2026-04-12,Neha Banerjee,9997143528,customer38@example.com,Flat 272 Plot  Marina Bay Bhopal,Near Forum Mall,462001,Bhopal,Madhya Pradesh,KURTI-BLU-M,Lumiere Printed Kurti Blue M,1,1299,COD,Delhivery,Delivered,,0,Delivered,Flipkart,Meta Retargeting
LUM-5040,BD700000040,2026-04-17,Saurabh Kumari,9802832777,customer39@example.com,Flat 111 House C Marina Bay Pune,,411014,Pune,Maharashtra,LUM-COL-PWD,Lumiere Marine Collagen Powder,1,1299,COD,Bluedart,Delivered,,0,Delivered,Amazon,Influencer Reels
LUM-5041,BD700000041,2026-04-10,Tanya Gupta,9767795784,customer40@example.com,Flat 327 House A Green Valley Hyderabad,Behind City Mall,500032,Hyderabad,Telangana,LUM-LIP-RED,Lumiere Velvet Lipstick Cherry,1,499,COD,Bluedart,Undelivered,Incorrect address,1,In NDR,WhatsApp,Meta Retargeting
LUM-5042,DL700000042,2026-04-18,Nikhil Verma,9781457818,customer41@example.com,Flat 77 Plot A Silver Heights Ahmedabad,Near Metro Station,380015,Ahmedabad,Gujarat,WATCH-BLK,Lumiere Smart Fitness Watch,3,11997,COD,Delhivery,RTO,Customer refused delivery,2,RTO,WhatsApp,
LUM-5043,EK700000043,2026-04-22,Nikhil Bose,9732335898,customer42@example.com,Flat 313 Tower B Silver Heights Surat,Near Forum Mall,395007,Surat,Gujarat,LUM-GUM-BIO,Lumiere Biotin Gummies 30N,1,799,Prepaid,Ekart,Delivered,,0,Delivered,Shopify,Meta Fashion Sale
LUM-5044,DL700000044,2026-04-08,Pooja Reddy,9854675132,customer43@example.com,Flat 362 Plot  Green Valley Noida,Near main market,201310,Noida,Uttar Pradesh,LUM-GUM-BIO,Lumiere Biotin Gummies 30N,1,799,COD,Delhivery,Delivered,,0,Delivered,Instagram,
LUM-5045,DT700000045,2026-04-13,Ritika Gupta,9854946631,customer44@example.com,Flat 225 Tower  Crystal Residency Patna,Near main market,800001,Patna,Bihar,LUM-SHA-200,Lumiere Argan Shampoo 200ml,1,449,COD,DTDC,RTO,Incorrect address,2,RTO,Instagram,
LUM-5046,DT700000046,2026-04-17,Ishita Chopra,9711137631,customer45@example.com,Flat 392 Plot A Silver Heights Bhopal,Near D Mart,462001,Bhopal,Madhya Pradesh,KURTI-BLU-M,Lumiere Printed Kurti Blue M,1,1299,COD,DTDC,Undelivered,Incorrect address,1,In NDR,Flipkart,Meta Retargeting
LUM-5047,EK700000047,2026-04-25,Kavya Kumari,9877061995,customer46@example.com,Flat 211 House C Skyline Noida,,201310,Noida,Uttar Pradesh,LUM-COL-PWD,Lumiere Marine Collagen Powder,1,1180,COD,Ekart,Undelivered,Duplicate order,1,In NDR,Amazon,Meta Summer
LUM-5048,XB700000048,2026-04-20,Rahul Pillai,9948021663,customer47@example.com,Flat 212 Tower B Marina Bay Delhi,Near Forum Mall,110048,Delhi,Delhi,WATCH-BLK,Lumiere Smart Fitness Watch,3,11997,COD,Xpressbees,Delivered,,0,Delivered,WhatsApp,Meta Retargeting
LUM-5049,DT700000049,2026-04-18,Rahul Bose,9828471847,customer48@example.com,Flat 364 Block C Marina Bay Hyderabad,Near Metro Station,500032,Hyderabad,Telangana,LUM-SUN-50,Lumiere Mineral Sunscreen SPF50,1,699,COD,DTDC,Delivered,,0,Delivered,WhatsApp,Meta Shoes COD
LUM-5050,DL700000050,2026-04-30,Divya Banerjee,9953521065,customer49@example.com,Flat 125 House B Skyline Ghaziabad,Opposite Star Bazaar,201010,Ghaziabad,Uttar Pradesh,LUM-GUM-BIO,Lumiere Biotin Gummies 30N,1,799,COD,Delhivery,Undelivered,Duplicate order,2,In NDR,Amazon,
LUM-5051,EC700000051,2026-04-18,Vivek Sharma,9851848023,customer50@example.com,Flat 372 Plot  Silver Heights Delhi,Near D Mart,110048,Delhi,Delhi,LUM-FND-02,Lumiere Hydra Foundation Shade 02,1,899,Prepaid,Ecom Express,Delivered,,0,Delivered,WhatsApp,Email Reactivation
LUM-5052,EK700000052,2026-04-16,Nikhil Shah,9825392880,customer51@example.com,Flat 398 House A Crystal Residency Coimbatore,Near main market,641035,Coimbatore,Tamil Nadu,TSH-WHT-M,Lumiere Cotton Tee White M,1,799,COD,Ekart,Delivered,,0,Delivered,Flipkart,WhatsApp Promo
LUM-5053,DL700000053,2026-04-16,Sneha Rao,9945311394,customer52@example.com,Flat 8 Block  Silver Heights Gurgaon,Near Metro Station,122002,Gurgaon,Haryana,HOOD-GRN-M,Lumiere Hoodie Green M,3,3897,COD,Delhivery,RTO,Address not found,3,RTO,Instagram,Email Reactivation
LUM-5054,EC700000054,2026-04-24,Rajat Banerjee,9990455761,customer53@example.com,Flat 19 Tower B Crystal Residency Delhi,Opposite Star Bazaar,110048,Delhi,Delhi,HOOD-GRN-M,Lumiere Hoodie Green M,1,1299,COD,Ecom Express,Delivered,,0,Delivered,Shopify,WhatsApp Promo
LUM-5055,BD700000055,2026-04-20,Kiran Reddy,9985167747,customer54@example.com,Flat 211 Block B Silver Heights Ghaziabad,Near Metro Station,201010,Ghaziabad,Uttar Pradesh,LUM-LIP-RED,Lumiere Velvet Lipstick Cherry,3,1762,COD,Bluedart,Undelivered,No response on phone,2,In NDR,WhatsApp,
LUM-5056,BD700000056,2026-04-19,Rajat Roy,9854421073,customer55@example.com,Flat 347 Block A Skyline Indore,Near Forum Mall,452016,Indore,Madhya Pradesh,LUM-GUM-BIO,Lumiere Biotin Gummies 30N,2,1598,COD,Bluedart,Delivered,,0,Delivered,Instagram,WhatsApp Promo
LUM-5057,BD700000057,2026-04-01,Neha Chopra,9858845279,customer56@example.com,Flat 359 Plot A Skyline Bhopal,Near Forum Mall,462011,Bhopal,Madhya Pradesh,LUM-COL-PWD,Lumiere Marine Collagen Powder,3,3897,Prepaid,Bluedart,Delivered,,0,Delivered,Amazon,Meta Summer
LUM-5058,DT700000058,2026-04-19,Saurabh Patel,9752164487,customer57@example.com,Flat 322 Tower C Skyline Pune,Near Metro Station,411001,Pune,Maharashtra,KURTI-BLU-M,Lumiere Printed Kurti Blue M,1,1299,Prepaid,DTDC,Delivered,,0,Delivered,Instagram,Meta Fashion Sale
LUM-5059,SF700000059,2026-04-10,Neha Rao,9969399011,customer58@example.com,Flat 140 Block C Skyline Pune,,411014,Pune,Maharashtra,LUM-SER-NIA,Lumiere Niacinamide Serum 30ml,1,799,COD,Shadowfax,Delivered,,0,Delivered,Flipkart,Email Reactivation
LUM-5060,BD700000060,2026-04-04,Karan Pillai,9896373987,customer59@example.com,Flat 47 House A Crystal Residency Bhopal,Behind City Mall,462001,Bhopal,Madhya Pradesh,LUM-LIP-RED,Lumiere Velvet Lipstick Cherry,1,499,Prepaid,Bluedart,Delivered,,0,Delivered,WhatsApp,Email Reactivation
LUM-5061,EC700000061,2026-04-10,Shreya Pillai,9876097029,customer60@example.com,Flat 313 Block A Skyline Kochi,Near main market,682025,Kochi,Kerala,LUM-COL-PWD,Lumiere Marine Collagen Powder,1,1299,COD,Ecom Express,Delivered,,0,Delivered,Flipkart,WhatsApp Promo
LUM-5062,DL700000062,2026-04-16,Ishita Pillai,9925016962,customer61@example.com,Flat 301 Block  Green Valley Gurgaon,,122001,Gurgaon,Haryana,LUM-LIP-RED,Lumiere Velvet Lipstick Cherry,1,614,COD,Delhivery,Undelivered,Customer refused delivery,2,In NDR,Amazon,WhatsApp Promo
LUM-5063,BD700000063,2026-04-27,Tanya Joshi,9732507582,customer62@example.com,Flat 204 Plot B Green Valley Mumbai,,400050,Mumbai,Maharashtra,LUM-COL-PWD,Lumiere Marine Collagen Powder,3,3897,COD,Bluedart,RTO,Duplicate order,3,RTO,WhatsApp,Meta Shoes COD
LUM-5064,DL700000064,2026-04-05,Amit Pillai,9811216766,customer63@example.com,Flat 301 Block B Crystal Residency Guwahati,,781001,Guwahati,Assam,LUM-SHA-200,Lumiere Argan Shampoo 200ml,1,449,Prepaid,Delhivery,Delivered,,0,Delivered,Amazon,Meta Summer
LUM-5065,DT700000065,2026-04-24,Ritika Reddy,9873823483,customer64@example.com,Flat 9 Block C Green Valley Gurgaon,Opposite Star Bazaar,122001,Gurgaon,Haryana,LUM-COL-PWD,Lumiere Marine Collagen Powder,1,1299,COD,DTDC,RTO,Incorrect address,3,RTO,WhatsApp,
LUM-5066,EK700000066,2026-04-28,Shreya Verma,9979951990,customer65@example.com,Flat 155 House A Green Valley Delhi,Near D Mart,110092,Delhi,Delhi,LUM-LIP-RED,Lumiere Velvet Lipstick Cherry,1,499,Prepaid,Ekart,Delivered,,0,Delivered,WhatsApp,WhatsApp Promo
LUM-5067,EK700000067,2026-04-23,Karan Bose,9984840532,customer66@example.com,Flat 151 House  Green Valley Indore,,452016,Indore,Madhya Pradesh,LUM-LIP-RED,Lumiere Velvet Lipstick Cherry,1,499,COD,Ekart,RTO,No response on phone,3,RTO,Shopify,
LUM-5068,BD700000068,2026-04-30,Rohit Das,9867784815,customer67@example.com,Flat 341 Plot C Silver Heights Patna,Near main market,800013,Patna,Bihar,LUM-SHA-200,Lumiere Argan Shampoo 200ml,3,1347,COD,Bluedart,Delivered,,0,Delivered,WhatsApp,Meta Shoes COD
LUM-5069,EK700000069,2026-04-22,Nikhil Pillai,9876977336,customer68@example.com,Flat 344 Tower  Crystal Residency Delhi,,110001,Delhi,Delhi,LUM-SER-NIA,Lumiere Niacinamide Serum 30ml,2,1598,COD,Ekart,Delivered,,0,Delivered,WhatsApp,Meta Summer
LUM-5070,XB700000070,2026-04-08,Kavya Iyer,9887966017,customer69@example.com,Flat 285 Plot A Crystal Residency Guwahati,Behind City Mall,781022,Guwahati,Assam,TSH-BLK-L,Lumiere Cotton Tee Black L,1,799,COD,Xpressbees,Delivered,,0,Delivered,WhatsApp,
LUM-5071,EC700000071,2026-04-13,Megha Mehta,9888454266,customer70@example.com,Flat 4 Block B Marina Bay Guwahati,Near main market,781034,Guwahati,Assam,LUM-FW-VIT-100,Lumiere Vitamin C Face Wash 100ml,1,549,COD,Ecom Express,Delivered,,0,Delivered,Shopify,Meta Fashion Sale
LUM-5072,EK700000072,2026-04-22,Saurabh Chopra,9745610962,customer71@example.com,Flat 27 Block B Marina Bay Delhi,Near Metro Station,110024,Delhi,Delhi,LUM-FW-VIT-100,Lumiere Vitamin C Face Wash 100ml,1,549,COD,Ekart,Delivered,,0,Delivered,Shopify,Influencer Reels
LUM-5073,DT700000073,2026-04-20,Anjali Chopra,9961258969,customer72@example.com,Flat 270 Plot A Silver Heights Patna,Near D Mart,800013,Patna,Bihar,WATCH-BLK,Lumiere Smart Fitness Watch,1,3999,COD,DTDC,RTO,Customer refused delivery,2,RTO,Shopify,Meta Summer
LUM-5074,EC700000074,2026-04-28,Meena Patel,9904122316,customer73@example.com,Flat 273 Block C Green Valley Pune,Near D Mart,411001,Pune,Maharashtra,LUM-SHA-200,Lumiere Argan Shampoo 200ml,1,449,COD,Ecom Express,RTO,Duplicate order,3,RTO,Flipkart,Meta Summer
LUM-5075,DL700000075,2026-05-01,Divya Gupta,9761833235,customer74@example.com,Flat 208 Tower C Silver Heights Bengaluru,,560095,Bengaluru,Karnataka,SNEAK-WHT-8,Lumiere Sneakers White 8,1,1999,Prepaid,Delhivery,Delivered,,0,Delivered,Amazon,Meta Retargeting
LUM-5076,EC700000076,2026-04-04,Aarti Mehta,9818955593,customer75@example.com,Flat 171 Block A Marina Bay Delhi,Near main market,110092,Delhi,Delhi,DRESS-RED-S,Lumiere Floral Dress Red S,1,2499,COD,Ecom Express,RTO,Address not found,3,RTO,Amazon,
LUM-5077,SF700000077,2026-04-25,Meena Bose,9782071341,customer76@example.com,Flat 390 Tower B Skyline Jaipur,Near D Mart,302017,Jaipur,Rajasthan,LUM-SHA-200,Lumiere Argan Shampoo 200ml,2,898,Prepaid,Shadowfax,Undelivered,No response on phone,1,In NDR,Amazon,
LUM-5078,SF700000078,2026-04-12,Aman Khan,9951750090,customer77@example.com,Flat 227 Plot C Marina Bay Kochi,Near Metro Station,682030,Kochi,Kerala,WATCH-BLK,Lumiere Smart Fitness Watch,1,3999,Prepaid,Shadowfax,Delivered,,0,Delivered,Amazon,Meta Shoes COD
LUM-5079,DL700000079,2026-04-19,Shreya Bose,9972229962,customer78@example.com,Flat 197 House A Skyline Bhopal,,462011,Bhopal,Madhya Pradesh,TSH-BLK-L,Lumiere Cotton Tee Black L,3,2920,COD,Delhivery,Delivered,,0,Delivered,Flipkart,Google Shopping
LUM-5080,DT700000080,2026-04-15,Rohit Khan,9970877683,customer79@example.com,Flat 331 Block A Silver Heights Guwahati,Near main market,781022,Guwahati,Assam,TSH-WHT-M,Lumiere Cotton Tee White M,1,799,COD,DTDC,Delivered,,0,Delivered,WhatsApp,
LUM-5081,XB700000081,2026-04-28,Amit Mehta,9750737492,customer80@example.com,Flat 286 House C Crystal Residency Jaipur,Near main market,302017,Jaipur,Rajasthan,LUM-HRO-OIL,Lumiere Onion Hair Oil 200ml,2,1198,COD,Xpressbees,RTO,Duplicate order,3,RTO,Flipkart,
LUM-5082,DT700000082,2026-04-21,Ishita Shah,9769230393,customer81@example.com,Flat 305 Tower C Marina Bay Ahmedabad,Near D Mart,380015,Ahmedabad,Gujarat,LUM-FND-02,Lumiere Hydra Foundation Shade 02,3,2697,COD,DTDC,Delivered,,0,Delivered,Instagram,Meta Fashion Sale
LUM-5083,XB700000083,2026-04-25,Arjun Reddy,9773854839,customer82@example.com,Flat 80 Tower C Green Valley Patna,Behind City Mall,800020,Patna,Bihar,LUM-SER-NIA,Lumiere Niacinamide Serum 30ml,1,799,COD,Xpressbees,Undelivered,Address not found,2,In NDR,Amazon,
LUM-5084,BD700000084,2026-04-20,Shreya Kumari,9934974123,customer83@example.com,Flat 23 House C Silver Heights Ahmedabad,Near D Mart,380058,Ahmedabad,Gujarat,LUM-SUN-50,Lumiere Mineral Sunscreen SPF50,1,699,COD,Bluedart,Delivered,,0,Delivered,Instagram,Meta Retargeting
LUM-5085,XB700000085,2026-04-14,Ishita Chopra,9936543931,customer84@example.com,Flat 237 Plot  Marina Bay Coimbatore,Behind City Mall,641001,Coimbatore,Tamil Nadu,LUM-GUM-BIO,Lumiere Biotin Gummies 30N,2,1598,Prepaid,Xpressbees,Delivered,,0,Delivered,WooCommerce,Google Shopping
LUM-5086,SF700000086,2026-04-05,Sahil Iyer,9853042042,customer85@example.com,Flat 43 Block C Skyline Kolkata,Behind City Mall,700001,Kolkata,West Bengal,LUM-FND-02,Lumiere Hydra Foundation Shade 02,1,899,COD,Shadowfax,Delivered,,0,Delivered,WhatsApp,Meta Shoes COD
LUM-5087,DL700000087,2026-04-05,Amit Joshi,9820548330,customer86@example.com,Flat 15 Plot A Crystal Residency Bhopal,,462011,Bhopal,Madhya Pradesh,LUM-GUM-BIO,Lumiere Biotin Gummies 30N,1,799,COD,Delhivery,Delivered,,0,Delivered,WooCommerce,Meta Summer
LUM-5088,EC700000088,2026-04-10,Vikram Nair,9780272735,customer87@example.com,Flat 281 House A Crystal Residency Indore,Opposite Star Bazaar,452016,Indore,Madhya Pradesh,TSH-BLK-L,Lumiere Cotton Tee Black L,2,1598,COD,Ecom Express,RTO,Incorrect address,2,RTO,Shopify,Meta Summer
LUM-5089,EC700000089,2026-04-20,Manish Rao,9829889545,customer88@example.com,Flat 368 Block C Skyline Patna,Near Metro Station,800020,Patna,Bihar,LUM-GUM-BIO,Lumiere Biotin Gummies 30N,1,799,COD,Ecom Express,Undelivered,Out of delivery area,1,In NDR,Instagram,Google Shopping
LUM-5090,SF700000090,2026-04-09,Sahil Pillai,9710916896,customer89@example.com,Flat 200 House A Skyline Noida,Near Forum Mall,201310,Noida,Uttar Pradesh,SNEAK-WHT-8,Lumiere Sneakers White 8,3,6090,COD,Shadowfax,Delivered,,0,Delivered,Flipkart,Meta Summer
LUM-5091,BD700000091,2026-04-16,Rohit Patel,9723802540,customer90@example.com,Flat 181 Plot B Skyline Delhi,Near main market,110048,Delhi,Delhi,DRESS-RED-S,Lumiere Floral Dress Red S,2,4998,Prepaid,Bluedart,Delivered,,0,Delivered,Flipkart,Meta Fashion Sale
LUM-5092,DL700000092,2026-04-28,Vivek Pillai,9954154564,customer91@example.com,Flat 130 Tower B Crystal Residency Delhi,Near Forum Mall,110092,Delhi,Delhi,LUM-FND-02,Lumiere Hydra Foundation Shade 02,1,899,COD,Delhivery,RTO,No response on phone,3,RTO,Shopify,Email Reactivation
LUM-5093,EK700000093,2026-04-14,Meena Banerjee,9967105836,customer92@example.com,Flat 189 Plot A Skyline Ghaziabad,Near Metro Station,201010,Ghaziabad,Uttar Pradesh,LUM-COL-PWD,Lumiere Marine Collagen Powder,2,2598,Prepaid,Ekart,Delivered,,0,Delivered,Amazon,Meta Fashion Sale
LUM-5094,DL700000094,2026-04-09,Meena Roy,9888735351,customer93@example.com,Flat 229 Tower C Marina Bay Ahmedabad,Near D Mart,380015,Ahmedabad,Gujarat,TSH-BLK-L,Lumiere Cotton Tee Black L,1,799,COD,Delhivery,Delivered,,0,Delivered,Flipkart,Meta Summer
LUM-5095,DT700000095,2026-04-13,Shreya Roy,9718682554,customer94@example.com,Flat 65 Tower B Crystal Residency Lucknow,Near Forum Mall,226010,Lucknow,Uttar Pradesh,LUM-SER-NIA,Lumiere Niacinamide Serum 30ml,2,1598,Prepaid,DTDC,Delivered,,0,Delivered,Amazon,Meta Summer
LUM-5096,XB700000096,2026-04-13,Rohit Singh,9834009235,customer95@example.com,Flat 59 Tower B Skyline Bhopal,Behind City Mall,462011,Bhopal,Madhya Pradesh,LUM-FND-02,Lumiere Hydra Foundation Shade 02,1,899,COD,Xpressbees,Delivered,,0,Delivered,Amazon,Meta Shoes COD
LUM-5097,EK700000097,2026-04-26,Arjun Iyer,9772868638,customer96@example.com,Flat 38 House B Skyline Kolkata,Near Metro Station,700064,Kolkata,West Bengal,LUM-COL-PWD,Lumiere Marine Collagen Powder,2,2598,COD,Ekart,Delivered,,0,Delivered,Flipkart,Email Reactivation
LUM-5098,XB700000098,2026-04-26,Ritika Joshi,9973136160,customer97@example.com,Flat 115 Tower B Silver Heights Delhi,Opposite Star Bazaar,110048,Delhi,Delhi,DRESS-RED-S,Lumiere Floral Dress Red S,2,4998,Prepaid,Xpressbees,Delivered,,0,Delivered,WhatsApp,Meta Summer
LUM-5099,XB700000099,2026-04-19,Amit Gupta,9913760508,customer98@example.com,Flat 368 House  Skyline Coimbatore,,641035,Coimbatore,Tamil Nadu,DRESS-RED-S,Lumiere Floral Dress Red S,3,7497,COD,Xpressbees,Delivered,,0,Delivered,Shopify,Meta Fashion Sale
LUM-5100,EK700000100,2026-04-02,Manish Chopra,9797690714,customer99@example.com,Flat 394 Block  Marina Bay Delhi,,110092,Delhi,Delhi,TSH-WHT-M,Lumiere Cotton Tee White M,1,799,COD,Ekart,Delivered,,0,Delivered,Shopify,
LUM-5101,BD700000101,2026-04-10,Rajat Gupta,9742337589,customer100@example.com,Flat 129 Block C Silver Heights Pune,Near main market,411001,Pune,Maharashtra,LUM-FND-02,Lumiere Hydra Foundation Shade 02,2,1798,COD,Bluedart,Delivered,,0,Delivered,Amazon,
LUM-5102,BD700000102,2026-05-01,Rajat Bose,9881258135,customer101@example.com,Flat 289 Tower A Green Valley Surat,Near Metro Station,395010,Surat,Gujarat,LUM-SER-NIA,Lumiere Niacinamide Serum 30ml,1,799,COD,Bluedart,Delivered,,0,Delivered,Flipkart,
LUM-5103,EK700000103,2026-04-23,Manish Gupta,9959279025,customer102@example.com,Flat 126 House C Skyline Hyderabad,Near Metro Station,500081,Hyderabad,Telangana,LUM-COL-PWD,Lumiere Marine Collagen Powder,1,1299,COD,Ekart,Delivered,,0,Delivered,Shopify,Meta Fashion Sale
LUM-5104,EK700000104,2026-04-15,Aarti Joshi,9914059350,customer103@example.com,Flat 67 Plot A Crystal Residency Patna,Opposite Star Bazaar,800013,Patna,Bihar,WATCH-BLK,Lumiere Smart Fitness Watch,2,7998,COD,Ekart,Delivered,,0,Delivered,Shopify,Influencer Reels
LUM-5105,DL700000105,2026-04-16,Vivek Mehta,9867887544,customer104@example.com,Flat 98 Block  Marina Bay Chennai,Near D Mart,600028,Chennai,Tamil Nadu,WATCH-BLK,Lumiere Smart Fitness Watch,3,11997,COD,Delhivery,Undelivered,Address not found,1,In NDR,Instagram,Meta Retargeting
LUM-5106,DT700000106,2026-04-29,Shreya Banerjee,9853409995,customer105@example.com,Flat 275 Tower A Skyline Delhi,Opposite Star Bazaar,110092,Delhi,Delhi,LUM-FW-VIT-100,Lumiere Vitamin C Face Wash 100ml,1,549,COD,DTDC,RTO,No response on phone,3,RTO,Instagram,Email Reactivation
LUM-5107,EK700000107,2026-04-12,Saurabh Pillai,9850173894,customer106@example.com,Flat 320 Tower B Green Valley Jaipur,Near D Mart,302001,Jaipur,Rajasthan,HOOD-GRN-M,Lumiere Hoodie Green M,1,1299,COD,Ekart,Undelivered,Customer refused delivery,2,In NDR,Instagram,
LUM-5108,DT700000108,2026-04-20,Kiran Bose,9976760034,customer107@example.com,Flat 72 Plot C Silver Heights Gurgaon,Near D Mart,122001,Gurgaon,Haryana,DRESS-RED-S,Lumiere Floral Dress Red S,1,1954,COD,DTDC,Undelivered,Customer refused delivery,2,In NDR,Flipkart,Influencer Reels
LUM-5109,DT700000109,2026-04-26,Divya Chopra,9865183278,customer108@example.com,Flat 372 Tower  Crystal Residency Surat,Near main market,395010,Surat,Gujarat,TSH-WHT-M,Lumiere Cotton Tee White M,1,799,COD,DTDC,RTO,No response on phone,2,RTO,Amazon,
LUM-5110,EK700000110,2026-04-11,Kiran Reddy,9716949288,customer109@example.com,Flat 294 Tower B Green Valley Mumbai,Near D Mart,400076,Mumbai,Maharashtra,LUM-GUM-BIO,Lumiere Biotin Gummies 30N,2,1598,COD,Ekart,Delivered,,0,Delivered,WhatsApp,Meta Fashion Sale
LUM-5111,DT700000111,2026-04-11,Pooja Patel,9978465928,customer110@example.com,Flat 107 Plot  Marina Bay Hyderabad,Near D Mart,500032,Hyderabad,Telangana,SNEAK-WHT-8,Lumiere Sneakers White 8,3,5997,Prepaid,DTDC,Delivered,,0,Delivered,WooCommerce,Meta Retargeting
LUM-5112,SF700000112,2026-04-25,Shreya Banerjee,9803221038,customer111@example.com,Flat 127 Plot C Silver Heights Coimbatore,Near Forum Mall,641012,Coimbatore,Tamil Nadu,TSH-WHT-M,Lumiere Cotton Tee White M,2,1598,Prepaid,Shadowfax,Delivered,,0,Delivered,Instagram,Google Shopping
LUM-5113,XB700000113,2026-05-01,Rajat Shah,9885292767,customer112@example.com,Flat 396 Block C Green Valley Ahmedabad,Near Forum Mall,380054,Ahmedabad,Gujarat,KURTI-BLU-M,Lumiere Printed Kurti Blue M,3,3897,COD,Xpressbees,Undelivered,Out of delivery area,2,In NDR,Flipkart,Meta Shoes COD
LUM-5114,XB700000114,2026-04-29,Tanya Singh,9773697858,customer113@example.com,Flat 56 Block B Green Valley Bhopal,Near main market,462039,Bhopal,Madhya Pradesh,DRESS-RED-S,Lumiere Floral Dress Red S,1,2499,Prepaid,Xpressbees,Delivered,,0,Delivered,Amazon,Google Shopping
LUM-5115,EK700000115,2026-04-21,Divya Banerjee,9956328220,customer114@example.com,Flat 334 Block C Crystal Residency Mumbai,Near Forum Mall,400001,Mumbai,Maharashtra,LUM-GUM-BIO,Lumiere Biotin Gummies 30N,1,799,COD,Ekart,Undelivered,Out of delivery area,1,In NDR,Shopify,Meta Shoes COD
LUM-5116,SF700000116,2026-04-01,Vivek Kumari,9719509805,customer115@example.com,Flat 204 House B Crystal Residency Coimbatore,Near Metro Station,641035,Coimbatore,Tamil Nadu,LUM-GUM-BIO,Lumiere Biotin Gummies 30N,1,799,Prepaid,Shadowfax,Delivered,,0,Delivered,Instagram,
LUM-5117,EK700000117,2026-04-24,Kavya Rao,9951266739,customer116@example.com,Flat 140 Block A Crystal Residency Ahmedabad,Opposite Star Bazaar,380054,Ahmedabad,Gujarat,LUM-LIP-RED,Lumiere Velvet Lipstick Cherry,1,499,Prepaid,Ekart,Delivered,,0,Delivered,WhatsApp,Influencer Reels
LUM-5118,EC700000118,2026-04-04,Manish Shah,9929621434,customer117@example.com,Flat 264 Plot A Skyline Bengaluru,Near main market,560076,Bengaluru,Karnataka,LUM-HRO-OIL,Lumiere Onion Hair Oil 200ml,2,1198,COD,Ecom Express,Delivered,,0,Delivered,WooCommerce,Meta Fashion Sale
LUM-5119,DL700000119,2026-04-04,Anjali Chopra,9706139513,customer118@example.com,Flat 134 Plot B Green Valley Ahmedabad,Near main market,380015,Ahmedabad,Gujarat,KURTI-BLU-M,Lumiere Printed Kurti Blue M,1,1299,COD,Delhivery,Delivered,,0,Delivered,WhatsApp,Influencer Reels
LUM-5120,DT700000120,2026-04-05,Manish Gupta,9897323628,customer119@example.com,Flat 315 Block B Silver Heights Lucknow,Near D Mart,226024,Lucknow,Uttar Pradesh,LUM-HRO-OIL,Lumiere Onion Hair Oil 200ml,3,1797,Prepaid,DTDC,Delivered,,0,Delivered,WhatsApp,
LUM-5121,DT700000121,2026-04-04,Saurabh Reddy,9743953786,customer120@example.com,Flat 270 House C Green Valley Patna,Behind City Mall,800020,Patna,Bihar,DRESS-RED-S,Lumiere Floral Dress Red S,2,4998,Prepaid,DTDC,Delivered,,0,Delivered,Shopify,
LUM-5122,BD700000122,2026-04-17,Yash Chopra,9962437519,customer121@example.com,Flat 47 House A Skyline Kochi,Opposite Star Bazaar,682030,Kochi,Kerala,LUM-SHA-200,Lumiere Argan Shampoo 200ml,3,1347,COD,Bluedart,Delivered,,0,Delivered,WhatsApp,Meta Retargeting
LUM-5123,SF700000123,2026-04-02,Aarti Nair,9739207429,customer122@example.com,Flat 24 House C Green Valley Coimbatore,Behind City Mall,641012,Coimbatore,Tamil Nadu,LUM-SUN-50,Lumiere Mineral Sunscreen SPF50,2,1398,Prepaid,Shadowfax,Delivered,,0,Delivered,Shopify,Meta Retargeting
LUM-5124,BD700000124,2026-05-01,Divya Joshi,9905342182,customer123@example.com,Flat 230 House  Green Valley Pune,Near main market,411014,Pune,Maharashtra,LUM-SUN-50,Lumiere Mineral Sunscreen SPF50,2,1398,Prepaid,Bluedart,Delivered,,0,Delivered,Flipkart,
LUM-5125,BD700000125,2026-04-27,Vivek Sharma,9712205932,customer124@example.com,Flat 153 House  Marina Bay Jaipur,Near D Mart,302001,Jaipur,Rajasthan,LUM-FND-02,Lumiere Hydra Foundation Shade 02,1,899,Prepaid,Bluedart,Delivered,,0,Delivered,WooCommerce,Google Shopping
LUM-5126,XB700000126,2026-04-15,Shreya Sharma,9829206732,customer125@example.com,Flat 106 Tower A Marina Bay Jaipur,Near Metro Station,302001,Jaipur,Rajasthan,WATCH-BLK,Lumiere Smart Fitness Watch,3,11997,COD,Xpressbees,RTO,Duplicate order,3,RTO,Amazon,Meta Summer
LUM-5127,EK700000127,2026-04-22,Priya Chopra,9871210116,customer126@example.com,Flat 296 Plot B Crystal Residency Mumbai,Opposite Star Bazaar,400064,Mumbai,Maharashtra,LUM-GUM-BIO,Lumiere Biotin Gummies 30N,1,799,COD,Ekart,RTO,Out of delivery area,3,RTO,Amazon,Google Shopping
LUM-5128,DL700000128,2026-04-05,Tanya Banerjee,9725170705,customer127@example.com,Flat 177 House C Skyline Pune,Near D Mart,411014,Pune,Maharashtra,SNEAK-WHT-8,Lumiere Sneakers White 8,1,1999,COD,Delhivery,Undelivered,Duplicate order,2,In NDR,Instagram,WhatsApp Promo
LUM-5129,BD700000129,2026-04-07,Megha Verma,9921554537,customer128@example.com,Flat 214 Block  Silver Heights Coimbatore,Near Forum Mall,641012,Coimbatore,Tamil Nadu,LUM-HRO-OIL,Lumiere Onion Hair Oil 200ml,1,599,Prepaid,Bluedart,Delivered,,0,Delivered,Instagram,Meta Shoes COD
LUM-5130,DT700000130,2026-04-30,Shreya Verma,9739075791,customer129@example.com,Flat 97 Block  Silver Heights Jaipur,,302001,Jaipur,Rajasthan,WATCH-BLK,Lumiere Smart Fitness Watch,1,3999,Prepaid,DTDC,Delivered,,0,Delivered,Instagram,Influencer Reels
LUM-5131,SF700000131,2026-04-21,Karan Reddy,9996395315,customer130@example.com,Flat 165 Plot  Skyline Hyderabad,Behind City Mall,500001,Hyderabad,Telangana,LUM-FW-VIT-100,Lumiere Vitamin C Face Wash 100ml,3,1647,COD,Shadowfax,Undelivered,Out of delivery area,1,In NDR,Instagram,Influencer Reels
LUM-5132,EK700000132,2026-04-08,Rohit Nair,9899020690,customer131@example.com,Flat 161 House A Marina Bay Jaipur,,302033,Jaipur,Rajasthan,LUM-COL-PWD,Lumiere Marine Collagen Powder,3,3897,COD,Ekart,Delivered,,0,Delivered,Flipkart,Meta Fashion Sale
LUM-5133,DT700000133,2026-04-24,Riya Pillai,9881228444,customer132@example.com,Flat 132 House  Skyline Kolkata,Opposite Star Bazaar,700064,Kolkata,West Bengal,LUM-FW-VIT-100,Lumiere Vitamin C Face Wash 100ml,1,549,COD,DTDC,Undelivered,Customer refused delivery,1,In NDR,Instagram,Meta Fashion Sale
LUM-5134,BD700000134,2026-04-05,Vivek Verma,9703427290,customer133@example.com,Flat 212 Block B Green Valley Coimbatore,Near main market,641012,Coimbatore,Tamil Nadu,LUM-FND-02,Lumiere Hydra Foundation Shade 02,1,899,Prepaid,Bluedart,Undelivered,Incorrect address,1,In NDR,Shopify,Google Shopping
LUM-5135,DT700000135,2026-04-24,Rahul Sharma,9985729400,customer134@example.com,Flat 283 House A Green Valley Jaipur,Behind City Mall,302001,Jaipur,Rajasthan,WATCH-BLK,Lumiere Smart Fitness Watch,3,11997,COD,DTDC,Delivered,,0,Delivered,Instagram,
LUM-5136,EC700000136,2026-04-12,Priya Nair,9982638906,customer135@example.com,Flat 130 Plot C Skyline Bengaluru,Near Metro Station,560100,Bengaluru,Karnataka,TSH-BLK-L,Lumiere Cotton Tee Black L,1,799,COD,Ecom Express,Undelivered,Incorrect address,1,In NDR,WhatsApp,Meta Retargeting
LUM-5137,SF700000137,2026-04-01,Pooja Khan,9917582129,customer136@example.com,Flat 195 House  Green Valley Chennai,Near main market,600040,Chennai,Tamil Nadu,LUM-GUM-BIO,Lumiere Biotin Gummies 30N,1,799,Prepaid,Shadowfax,Delivered,,0,Delivered,Flipkart,Meta Fashion Sale
LUM-5138,SF700000138,2026-04-19,Priya Nair,9955282273,customer137@example.com,Flat 139 Tower A Crystal Residency Indore,Behind City Mall,452010,Indore,Madhya Pradesh,LUM-SER-NIA,Lumiere Niacinamide Serum 30ml,1,799,Prepaid,Shadowfax,Undelivered,Out of delivery area,1,In NDR,Flipkart,Meta Summer
LUM-5139,BD700000139,2026-04-13,Amit Gupta,9787214812,customer138@example.com,Flat 289 Block  Marina Bay Ahmedabad,Near Forum Mall,380015,Ahmedabad,Gujarat,LUM-HRO-OIL,Lumiere Onion Hair Oil 200ml,2,1198,COD,Bluedart,Delivered,,0,Delivered,Flipkart,Meta Fashion Sale
LUM-5140,XB700000140,2026-04-15,Saurabh Bose,9912978324,customer139@example.com,Flat 397 Plot A Crystal Residency Surat,,395010,Surat,Gujarat,LUM-SER-NIA,Lumiere Niacinamide Serum 30ml,1,799,COD,Xpressbees,Delivered,,0,Delivered,WhatsApp,Google Shopping
LUM-5141,EK700000141,2026-04-26,Anjali Reddy,9739463600,customer140@example.com,Flat 43 Plot B Skyline Coimbatore,Near main market,641012,Coimbatore,Tamil Nadu,DRESS-RED-S,Lumiere Floral Dress Red S,1,2499,COD,Ekart,Delivered,,0,Delivered,Flipkart,Meta Fashion Sale
LUM-5142,DL700000142,2026-04-17,Sneha Patel,9746867345,customer141@example.com,Flat 96 House  Marina Bay Ahmedabad,Behind City Mall,380054,Ahmedabad,Gujarat,HOOD-GRN-M,Lumiere Hoodie Green M,3,3897,COD,Delhivery,Delivered,,0,Delivered,WhatsApp,Meta Shoes COD
LUM-5143,DT700000143,2026-04-09,Karan Khan,9830321399,customer142@example.com,Flat 293 Block  Silver Heights Delhi,Opposite Star Bazaar,110048,Delhi,Delhi,LUM-FW-VIT-100,Lumiere Vitamin C Face Wash 100ml,1,549,COD,DTDC,Undelivered,No response on phone,2,In NDR,Instagram,Influencer Reels
LUM-5144,BD700000144,2026-05-01,Aarti Banerjee,9804984152,customer143@example.com,Flat 235 Tower B Crystal Residency Gurgaon,Near Metro Station,122001,Gurgaon,Haryana,KURTI-BLU-M,Lumiere Printed Kurti Blue M,1,1299,COD,Bluedart,RTO,No response on phone,2,RTO,WhatsApp,Email Reactivation
LUM-5145,XB700000145,2026-04-10,Anjali Mehta,9807831321,customer144@example.com,Flat 246 Plot B Skyline Ahmedabad,Near Forum Mall,380054,Ahmedabad,Gujarat,HOOD-GRN-M,Lumiere Hoodie Green M,3,3897,COD,Xpressbees,Delivered,,0,Delivered,Flipkart,Meta Retargeting
LUM-5146,XB700000146,2026-04-26,Nikhil Pillai,9796597686,customer145@example.com,Flat 350 Tower  Silver Heights Ahmedabad,Near D Mart,380054,Ahmedabad,Gujarat,LUM-GUM-BIO,Lumiere Biotin Gummies 30N,1,799,Prepaid,Xpressbees,Delivered,,0,Delivered,Instagram,Meta Shoes COD
LUM-5147,SF700000147,2026-04-26,Aman Bose,9957287168,customer146@example.com,Flat 299 House  Marina Bay Indore,Near Metro Station,452001,Indore,Madhya Pradesh,SNEAK-WHT-8,Lumiere Sneakers White 8,1,1999,COD,Shadowfax,Undelivered,Customer refused delivery,1,In NDR,Instagram,
LUM-5148,SF700000148,2026-04-08,Manish Shah,9878024623,customer147@example.com,Flat 221 Tower A Green Valley Ghaziabad,Near Forum Mall,201001,Ghaziabad,Uttar Pradesh,LUM-SER-NIA,Lumiere Niacinamide Serum 30ml,1,799,COD,Shadowfax,Delivered,,0,Delivered,Amazon,
LUM-5149,EK700000149,2026-04-11,Sneha Gupta,9923325106,customer148@example.com,Flat 44 Tower B Crystal Residency Bhopal,Near Forum Mall,462011,Bhopal,Madhya Pradesh,LUM-GUM-BIO,Lumiere Biotin Gummies 30N,2,1598,COD,Ekart,Undelivered,Incorrect address,2,In NDR,WhatsApp,Google Shopping
LUM-5150,DL700000150,2026-04-18,Rahul Mehta,9758713640,customer149@example.com,Flat 347 Block B Marina Bay Jaipur,Opposite Star Bazaar,302017,Jaipur,Rajasthan,KURTI-BLU-M,Lumiere Printed Kurti Blue M,2,2598,COD,Delhivery,Undelivered,Address not found,1,In NDR,WooCommerce,Email Reactivation
LUM-5151,EC700000151,2026-04-07,Rahul Bose,9805937748,customer150@example.com,Flat 231 House  Green Valley Bhopal,Near main market,462001,Bhopal,Madhya Pradesh,SNEAK-WHT-8,Lumiere Sneakers White 8,1,1999,COD,Ecom Express,Delivered,,0,Delivered,WooCommerce,Influencer Reels
LUM-5152,EC700000152,2026-04-19,Vikram Banerjee,9983314840,customer151@example.com,Flat 328 Plot  Marina Bay Kochi,Near D Mart,682001,Kochi,Kerala,LUM-SER-NIA,Lumiere Niacinamide Serum 30ml,1,799,Prepaid,Ecom Express,Delivered,,0,Delivered,Shopify,Email Reactivation
LUM-5153,BD700000153,2026-04-12,Amit Patel,9868140317,customer152@example.com,Flat 61 Block C Green Valley Bhopal,Opposite Star Bazaar,462039,Bhopal,Madhya Pradesh,DRESS-RED-S,Lumiere Floral Dress Red S,2,4998,Prepaid,Bluedart,Delivered,,0,Delivered,Flipkart,Meta Fashion Sale
LUM-5154,BD700000154,2026-04-15,Tanya Kumari,9962874563,customer153@example.com,Flat 148 Block B Crystal Residency Patna,,800020,Patna,Bihar,HOOD-GRN-M,Lumiere Hoodie Green M,1,1299,COD,Bluedart,Undelivered,Duplicate order,1,In NDR,Amazon,Meta Summer
LUM-5155,BD700000155,2026-04-19,Divya Banerjee,9923139888,customer154@example.com,Flat 364 House  Silver Heights Bengaluru,Near Metro Station,560095,Bengaluru,Karnataka,DRESS-RED-S,Lumiere Floral Dress Red S,1,2499,COD,Bluedart,Delivered,,0,Delivered,Shopify,Google Shopping
LUM-5156,BD700000156,2026-04-18,Saurabh Banerjee,9995131996,customer155@example.com,Flat 262 Tower A Crystal Residency Mumbai,,400050,Mumbai,Maharashtra,TSH-BLK-L,Lumiere Cotton Tee Black L,1,799,COD,Bluedart,Delivered,,0,Delivered,Instagram,
LUM-5157,BD700000157,2026-04-04,Anjali Verma,9941448214,customer156@example.com,Flat 135 Plot A Skyline Bhopal,,462039,Bhopal,Madhya Pradesh,LUM-SUN-50,Lumiere Mineral Sunscreen SPF50,1,699,Prepaid,Bluedart,Delivered,,0,Delivered,WooCommerce,Google Shopping
LUM-5158,EK700000158,2026-04-09,Tanya Singh,9989249162,customer157@example.com,Flat 87 Plot C Crystal Residency Guwahati,Behind City Mall,781034,Guwahati,Assam,DRESS-RED-S,Lumiere Floral Dress Red S,1,2499,COD,Ekart,RTO,Incorrect address,3,RTO,Amazon,Meta Shoes COD
LUM-5159,XB700000159,2026-04-21,Yash Mehta,9832904937,customer158@example.com,Flat 390 House  Silver Heights Patna,Behind City Mall,800001,Patna,Bihar,LUM-FND-02,Lumiere Hydra Foundation Shade 02,1,899,Prepaid,Xpressbees,Delivered,,0,Delivered,Instagram,WhatsApp Promo
LUM-5160,SF700000160,2026-04-15,Yash Joshi,9944112864,customer159@example.com,Flat 250 Plot A Green Valley Bhopal,Near main market,462001,Bhopal,Madhya Pradesh,HOOD-GRN-M,Lumiere Hoodie Green M,2,2598,Prepaid,Shadowfax,Delivered,,0,Delivered,Flipkart,Email Reactivation
LUM-5161,BD700000161,2026-04-25,Anjali Mehta,9993835104,customer160@example.com,Flat 296 Block  Crystal Residency Coimbatore,Near main market,641012,Coimbatore,Tamil Nadu,LUM-SER-NIA,Lumiere Niacinamide Serum 30ml,3,2397,Prepaid,Bluedart,Delivered,,0,Delivered,Shopify,Meta Summer
LUM-5162,DL700000162,2026-04-21,Divya Nair,9770820296,customer161@example.com,Flat 333 Plot B Crystal Residency Bhopal,Near Metro Station,462001,Bhopal,Madhya Pradesh,LUM-LIP-RED,Lumiere Velvet Lipstick Cherry,1,499,Prepaid,Delhivery,Delivered,,0,Delivered,Instagram,Influencer Reels
LUM-5163,SF700000163,2026-04-19,Manish Khan,9751101349,customer162@example.com,Flat 1 Block  Green Valley Jaipur,Opposite Star Bazaar,302033,Jaipur,Rajasthan,LUM-SER-NIA,Lumiere Niacinamide Serum 30ml,1,799,COD,Shadowfax,Undelivered,Customer not available,2,In NDR,WooCommerce,
LUM-5164,SF700000164,2026-04-12,Riya Khan,9822914913,customer163@example.com,Flat 197 Tower A Green Valley Bengaluru,Near Forum Mall,560001,Bengaluru,Karnataka,WATCH-BLK,Lumiere Smart Fitness Watch,1,3999,COD,Shadowfax,Delivered,,0,Delivered,Instagram,Meta Fashion Sale
LUM-5165,SF700000165,2026-04-05,Manish Patel,9921035066,customer164@example.com,Flat 316 House B Green Valley Gurgaon,Near Metro Station,122018,Gurgaon,Haryana,HOOD-GRN-M,Lumiere Hoodie Green M,1,1415,COD,Shadowfax,Undelivered,Duplicate order,1,In NDR,Shopify,
LUM-5166,XB700000166,2026-04-20,Shreya Bose,9852965694,customer165@example.com,Flat 399 Tower C Silver Heights Jaipur,Behind City Mall,302017,Jaipur,Rajasthan,HOOD-GRN-M,Lumiere Hoodie Green M,1,1299,Prepaid,Xpressbees,Delivered,,0,Delivered,Amazon,Google Shopping
LUM-5167,DL700000167,2026-04-13,Priya Banerjee,9738124279,customer166@example.com,Flat 271 Tower C Crystal Residency Pune,Opposite Star Bazaar,411045,Pune,Maharashtra,HOOD-GRN-M,Lumiere Hoodie Green M,2,2598,Prepaid,Delhivery,Delivered,,0,Delivered,Amazon,WhatsApp Promo
LUM-5168,BD700000168,2026-04-14,Vikram Nair,9721381882,customer167@example.com,Flat 31 House C Marina Bay Coimbatore,,641035,Coimbatore,Tamil Nadu,DRESS-RED-S,Lumiere Floral Dress Red S,3,7497,Prepaid,Bluedart,RTO,Incorrect address,2,RTO,WhatsApp,WhatsApp Promo
LUM-5169,DT700000169,2026-05-01,Kiran Pillai,9875422730,customer168@example.com,Flat 201 Tower C Skyline Coimbatore,Near main market,641035,Coimbatore,Tamil Nadu,LUM-SER-NIA,Lumiere Niacinamide Serum 30ml,1,1000,COD,DTDC,Delivered,,0,Delivered,WooCommerce,Meta Summer
LUM-5170,DL700000170,2026-05-01,Aarti Kumari,9764125476,customer169@example.com,Flat 7 Block A Silver Heights Delhi,Near D Mart,110092,Delhi,Delhi,LUM-GUM-BIO,Lumiere Biotin Gummies 30N,2,1598,COD,Delhivery,Delivered,,0,Delivered,Instagram,
LUM-5171,BD700000171,2026-04-19,Rajat Sharma,9879857674,customer170@example.com,Flat 220 Plot A Crystal Residency Noida,Near main market,201305,Noida,Uttar Pradesh,LUM-COL-PWD,Lumiere Marine Collagen Powder,3,3897,Prepaid,Bluedart,Delivered,,0,Delivered,Flipkart,Meta Shoes COD
LUM-5172,XB700000172,2026-04-02,Rajat Chopra,9761919257,customer171@example.com,Flat 117 Tower A Green Valley Bhopal,Opposite Star Bazaar,462039,Bhopal,Madhya Pradesh,KURTI-BLU-M,Lumiere Printed Kurti Blue M,3,3897,COD,Xpressbees,RTO,Address not found,2,RTO,WhatsApp,Email Reactivation
LUM-5173,EC700000173,2026-04-12,Priya Mehta,9833285281,customer172@example.com,Flat 214 Plot C Green Valley Gurgaon,Behind City Mall,122001,Gurgaon,Haryana,HOOD-GRN-M,Lumiere Hoodie Green M,3,3897,COD,Ecom Express,Delivered,,0,Delivered,Shopify,
LUM-5174,EC700000174,2026-04-07,Kavya Gupta,9866804598,customer173@example.com,Flat 168 Tower  Green Valley Noida,Near Forum Mall,201301,Noida,Uttar Pradesh,LUM-SUN-50,Lumiere Mineral Sunscreen SPF50,1,699,COD,Ecom Express,Delivered,,0,Delivered,Instagram,
LUM-5175,EK700000175,2026-04-18,Aarti Pillai,9831601488,customer174@example.com,Flat 78 Tower  Green Valley Guwahati,Opposite Star Bazaar,781001,Guwahati,Assam,TSH-BLK-L,Lumiere Cotton Tee Black L,3,2397,COD,Ekart,Delivered,,0,Delivered,Instagram,Meta Summer
LUM-5176,EC700000176,2026-04-29,Divya Banerjee,9732155922,customer175@example.com,Flat 73 Plot A Green Valley Bengaluru,Opposite Star Bazaar,560095,Bengaluru,Karnataka,TSH-WHT-M,Lumiere Cotton Tee White M,1,799,Prepaid,Ecom Express,Delivered,,0,Delivered,Amazon,WhatsApp Promo
LUM-5177,DL700000177,2026-04-27,Divya Patel,9827115857,customer176@example.com,Flat 150 Plot C Skyline Bhopal,Near main market,462039,Bhopal,Madhya Pradesh,DRESS-RED-S,Lumiere Floral Dress Red S,1,2499,COD,Delhivery,Undelivered,Out of delivery area,1,In NDR,Flipkart,Email Reactivation
LUM-5178,BD700000178,2026-04-18,Kiran Iyer,9788248146,customer177@example.com,Flat 231 House C Skyline Bhopal,Near Metro Station,462011,Bhopal,Madhya Pradesh,TSH-WHT-M,Lumiere Cotton Tee White M,1,799,COD,Bluedart,Delivered,,0,Delivered,Instagram,Google Shopping
LUM-5179,XB700000179,2026-04-08,Yash Bose,9721651903,customer178@example.com,Flat 111 Plot B Green Valley Pune,Near main market,411014,Pune,Maharashtra,WATCH-BLK,Lumiere Smart Fitness Watch,1,3999,Prepaid,Xpressbees,Delivered,,0,Delivered,Instagram,WhatsApp Promo
LUM-5180,EC700000180,2026-04-01,Aarti Pillai,9834138611,customer179@example.com,Flat 49 House A Silver Heights Pune,Near Metro Station,411014,Pune,Maharashtra,LUM-SUN-50,Lumiere Mineral Sunscreen SPF50,1,699,Prepaid,Ecom Express,Delivered,,0,Delivered,Shopify,Google Shopping
LUM-5181,DL700000181,2026-04-15,Aakash Bhatia,9876500001,aakash@example.com,Flat 12 Skyline Mumbai,Near Metro,400050,Mumbai,Maharashtra,DRESS-RED-S,Lumiere Floral Dress Red S,1,2499,COD,Delhivery,RTO,Customer refused delivery,2,RTO,Shopify,Meta Fashion Sale
LUM-5182,DL700000182,2026-04-15,Aakash Bhatia,9876500001,aakash@example.com,Flat 12 Skyline Mumbai,Near Metro,400050,Mumbai,Maharashtra,DRESS-RED-S,Lumiere Floral Dress Red S,1,2499,COD,Delhivery,RTO,Customer refused delivery,2,RTO,Shopify,Meta Fashion Sale
LUM-5183,DL700000183,2026-04-15,Aakash Bhatia,9876500001,aakash@example.com,Flat 12 Skyline Mumbai,Near Metro,400050,Mumbai,Maharashtra,DRESS-RED-S,Lumiere Floral Dress Red S,1,2499,COD,Delhivery,Delivered,,0,Delivered,Shopify,Meta Fashion Sale
LUM-EDGE-01,DL900000001,2026-04-20,Ravi Kumar,9999900001,edge1@example.com,Random village area,,00000,Patna,Bihar,LUM-FW-VIT-100,Lumiere Vitamin C Face Wash 100ml,1,549,COD,DTDC,Undelivered,Address not found,1,In NDR,Shopify,
LUM-EDGE-02,DL900000002,2026-04-21,,,edge2@example.com,,,,Delhi,Delhi,,,1,1299,,,,,0,,Shopify,
LUM-EDGE-03,DL900000003,2026-04-21,Vikram Sethi,9999900003,edge3@example.com,Plot 7 Marine Drive Mumbai,Sea facing,400028,Mumbai,Maharashtra,LUM-COL-PWD,Lumiere Marine Collagen Powder,15,48999,COD,Bluedart,Delivered,,0,Delivered,Shopify,Meta Retargeting
LUM-EDGE-04,DL900000001,2026-04-22,Duplicate AWB,9999900004,edge4@example.com,Flat 1 Ghaziabad,,201001,Ghaziabad,Uttar Pradesh,LUM-LIP-RED,Lumiere Velvet Lipstick Cherry,1,499,COD,Delhivery,Delivered,,0,Delivered,Shopify,
LUM-EDGE-05,DL900000005,2026-04-22,NDR No Reason,9999900005,edge5@example.com,House 9 Kolkata,,700001,Kolkata,West Bengal,LUM-SUN-50,Lumiere Mineral Sunscreen SPF50,1,699,COD,Ecom Express,Undelivered,,2,In NDR,Shopify,
LUM-EDGE-06,DL900000006,2026-04-22,₹Symbol value,9999900006,edge6@example.com,House 10 Pune,,411014,Pune,Maharashtra,LUM-SHA-200,Lumiere Argan Shampoo 200ml,2,Rs 898,UPI,Delhivery,Delivered,,0,Delivered,Shopify,Google Shopping
